rank_test_score,mean_test_score,std_test_score,mean_train_score,std_train_score,mean_fit_time,std_fit_time,mean_score_time,std_score_time,param_model__alpha,param_model__learning_rate_init,params,split0_test_score,split0_train_score
1,0.7415997553642059,0.0,0.7534714413420251,0.0,34.86689829826355,0.0,0.09378385543823242,0.0,0.001,0.005,"{'model__alpha': 0.001, 'model__learning_rate_init': 0.005}",0.7415997553642059,0.7534714413420251
2,0.7383756620728701,0.0,0.7722192465428401,0.0,32.278899908065796,0.0,0.10714983940124512,0.0,0.001,0.001,"{'model__alpha': 0.001, 'model__learning_rate_init': 0.001}",0.7383756620728701,0.7722192465428401
3,0.7382414814487075,0.0,0.752546496077634,0.0,31.936994075775146,0.0,0.12600469589233398,0.0,0.0001,0.001,"{'model__alpha': 0.0001, 'model__learning_rate_init': 0.001}",0.7382414814487075,0.752546496077634
4,0.7371670959869534,0.0,0.7454666946621291,0.0,32.74196124076843,0.0,0.11016058921813965,0.0,0.0001,0.005,"{'model__alpha': 0.0001, 'model__learning_rate_init': 0.005}",0.7371670959869534,0.7454666946621291
